﻿pos_x,pos_y,rotation,side,designator,mpn,pack,footprint,value,mount_type
123.25,-93.75,180.0,bottom,BT1,,,9v bat holder,Battery_Cell,tht
99.26745,-59.5375,-90.0,top,C1,,,C_0805_2012Metric_Pad1.18x1.45mm_HandSolder,100n,smt
142.72745,-83.2125,90.0,top,C2,,,C_0805_2012Metric_Pad1.18x1.45mm_HandSolder,10u,smt
138.26745,-93.1195,-90.0,top,C3,,,C_0805_2012Metric_Pad1.18x1.45mm_HandSolder,100u,smt
141.514,-71.841,-90.0,top,D1,,,Led green and red Wurth,Led_green_and_red_Wurth,smt
136.75245,-87.764,180.0,top,D2,,,D_0805_2012Metric_Pad1.15x1.40mm_HandSolder,1N4002,smt
146.614,-64.841,90.0,top,D6,,,Led green and red Wurth,Led_green_and_red_Wurth,smt
92.064,-73.591,-90.0,bottom,LS1,,,summer 4khz miniatyr,Speaker,tht
144.814,-69.341,90.0,bottom,R1,,,R_0805_2012Metric_Pad1.20x1.40mm_HandSolder,390,smt
99.01745,-73.0,0.0,top,R10,,,R_0805_2012Metric_Pad1.20x1.40mm_HandSolder,10k,smt
142.314,-69.341,-90.0,bottom,R2,,,R_0805_2012Metric_Pad1.20x1.40mm_HandSolder,390,smt
142.314,-73.841,90.0,bottom,R3,,,R_0805_2012Metric_Pad1.20x1.40mm_HandSolder,390,smt
144.814,-73.841,-90.0,bottom,R4,,,R_0805_2012Metric_Pad1.20x1.40mm_HandSolder,390,smt
148.064,-93.091,-90.0,top,R5,,,R_0805_2012Metric_Pad1.20x1.40mm_HandSolder,10k,smt
93.314,-84.341,0.0,top,R6,,,R_0805_2012Metric_Pad1.20x1.40mm_HandSolder,10k,smt
142.83945,-88.074,90.0,top,R7,,,R_0805_2012Metric_Pad1.20x1.40mm_HandSolder,10k,smt
142.83945,-93.122,90.0,top,R8,,,R_0805_2012Metric_Pad1.20x1.40mm_HandSolder,10k,smt
96.314,-66.341,180.0,top,R9,,,R_0805_2012Metric_Pad1.20x1.40mm_HandSolder,10k,smt
159.75,-74.15,90.0,top,SW1,,,Joystick,802-30110-B,tht
74.0,-74.15,90.0,top,SW2,,,Joystick,802-30110-B,tht
165.339,-100.446,180.0,top,SW3,,,SW_PUSH-12mm,SW_Push,tht
80.195,-100.7,180.0,top,SW4,,,SW_PUSH-12mm,SW_Push,tht
86.0,-95.74,90.0,bottom,SW5,,,Skjutomkopplare 1-pol on-on pcb vinklad,~,tht
105.34945,-58.1531,0.0,top,U1,,,ESP32-C3-DevKitC-02,ESP32-C3-DevKitC-02,tht
135.72745,-80.25,90.0,top,U2,,,SOT230P700X180-4N,TLV1117-50,smt
