﻿Designator,Quantity,Value,Footprint,Package,MPN,DNP,Mount_Type,Description
BT1,1,Battery_Cell,9v bat holder,,,,tht,Single-cell battery
C1,1,100n,C_0805_2012Metric_Pad1.18x1.45mm_HandSolder,,,,smt,
C2,1,10u,C_0805_2012Metric_Pad1.18x1.45mm_HandSolder,,,,smt,
C3,1,100u,C_0805_2012Metric_Pad1.18x1.45mm_HandSolder,,,,smt,
"D1, D6",2,Led_green_and_red_Wurth,Led green and red Wurth,,,,smt,"Dual LED, cathodes on pins 2 and 3"
D2,1,1N4002,D_0805_2012Metric_Pad1.15x1.40mm_HandSolder,,,,smt,
LS1,1,Speaker,summer 4khz miniatyr,,,,tht,Speaker
"R1, R2, R3, R4",4,390,R_0805_2012Metric_Pad1.20x1.40mm_HandSolder,,,,smt,
"R10, R5, R6, R7, R8, R9",6,10k,R_0805_2012Metric_Pad1.20x1.40mm_HandSolder,,,,smt,
"SW1, SW2",2,802-30110-B,Joystick,,,,tht,
"SW3, SW4",2,SW_Push,SW_PUSH-12mm,,,,tht,
SW5,1,~,Skjutomkopplare 1-pol on-on pcb vinklad,,,,tht,"Switch slide, single pole double throw"
U1,1,ESP32-C3-DevKitC-02,ESP32-C3-DevKitC-02,,,,tht,"ESP32-C3-DevKitC-02 is an entry-level development board based on ESP32-C3-WROOM-02, a general-purpose module with 4 MB SPI flash. This board integrates complete Wi-Fi and Bluetooth® Low Energy functions."
U2,1,TLV1117-50,SOT230P700X180-4N,,,,smt,
