﻿pos_x,pos_y,rotation,side,designator,mpn,pack,footprint,value,mount_type
116.814,-85.741,180.0,bottom,BT1,,,Batterihållare 4xAAA,Battery_Cell,tht
98.614,-63.141,0.0,top,C1,,,C_1206_3216Metric_Pad1.33x1.80mm_HandSolder,100n,smt
91.414,-92.741,-90.0,top,C2,,,C_1206_3216Metric_Pad1.33x1.80mm_HandSolder,1u,smt
142.064,-73.341,-90.0,top,D1,,,Led green and red Wurth,Led_green_and_red_Wurth,smt
142.064,-64.941,-90.0,top,D6,,,Led green and red Wurth,Led_green_and_red_Wurth,smt
138.814,-99.741,0.0,top,LS1,,,summer 4khz miniatyr,Speaker,tht
134.814,-60.341,0.0,top,R1,,,R_1206_3216Metric_Pad1.30x1.75mm_HandSolder,390,smt
99.314,-71.741,-90.0,top,R10,,,R_1206_3216Metric_Pad1.30x1.75mm_HandSolder,10k,smt
90.814,-82.741,90.0,top,R11,,,R_1206_3216Metric_Pad1.30x1.75mm_HandSolder,10k,smt
141.614,-60.341,180.0,top,R2,,,R_1206_3216Metric_Pad1.30x1.75mm_HandSolder,390,smt
134.214,-77.941,180.0,top,R3,,,R_1206_3216Metric_Pad1.30x1.75mm_HandSolder,390,smt
140.014,-77.941,0.0,top,R4,,,R_1206_3216Metric_Pad1.30x1.75mm_HandSolder,390,smt
148.814,-90.341,180.0,top,R5,,,R_1206_3216Metric_Pad1.30x1.75mm_HandSolder,10k,smt
97.214,-83.941,0.0,top,R6,,,R_1206_3216Metric_Pad1.30x1.75mm_HandSolder,10k,smt
94.814,-92.741,90.0,top,R7,,,R_1206_3216Metric_Pad1.30x1.75mm_HandSolder,10k,smt
98.414,-92.741,-90.0,top,R8,,,R_1206_3216Metric_Pad1.30x1.75mm_HandSolder,10k,smt
134.814,-89.941,-90.0,top,R9,,,R_1206_3216Metric_Pad1.30x1.75mm_HandSolder,100,smt
159.75,-74.15,90.0,top,SW1,,,Joystick,802-30110-B,tht
74.0,-74.15,90.0,top,SW2,,,Joystick,802-30110-B,tht
165.339,-100.446,180.0,top,SW3,,,SW_PUSH-12mm,SW_Push,tht
80.195,-100.7,180.0,top,SW4,,,SW_PUSH-12mm,SW_Push,tht
85.214,-92.316,90.0,top,SW5,,,Skjutomkopplare 1-pol on-on pcb vinklad,~,tht
105.34945,-58.1531,0.0,top,U1,,,ESP32-C3-DevKitC-02,ESP32-C3-DevKitC-02,tht
