﻿Designator,Quantity,Value,Footprint,Package,MPN,DNP,Mount_Type,Description
BT1,1,Battery_Cell,Batterihållare 4xAAA,,,,tht,Single-cell battery
C1,1,100n,C_1206_3216Metric_Pad1.33x1.80mm_HandSolder,,,,smt,
C2,1,1u,C_1206_3216Metric_Pad1.33x1.80mm_HandSolder,,,,smt,
"D1, D6",2,Led_green_and_red_Wurth,Led green and red Wurth,,,,smt,"Dual LED, cathodes on pins 2 and 3"
LS1,1,Speaker,summer 4khz miniatyr,,,,tht,Speaker
"R1, R2, R3, R4",4,390,R_1206_3216Metric_Pad1.30x1.75mm_HandSolder,,,,smt,
"R10, R11, R5, R6, R7, R8",6,10k,R_1206_3216Metric_Pad1.30x1.75mm_HandSolder,,,,smt,
R9,1,100,R_1206_3216Metric_Pad1.30x1.75mm_HandSolder,,,,smt,
"SW1, SW2",2,802-30110-B,Joystick,,,,tht,
"SW3, SW4",2,SW_Push,SW_PUSH-12mm,,,,tht,
SW5,1,~,Skjutomkopplare 1-pol on-on pcb vinklad,,,,tht,"Switch slide, single pole double throw"
U1,1,ESP32-C3-DevKitC-02,ESP32-C3-DevKitC-02,,,,tht,"ESP32-C3-DevKitC-02 is an entry-level development board based on ESP32-C3-WROOM-02, a general-purpose module with 4 MB SPI flash. This board integrates complete Wi-Fi and Bluetooth® Low Energy functions."
